,name,city
0,Jessica Jones,Melissastad
1,Big Bird,Fakeville
2,Robin Smith,Shawnberg
3,Sarah Schroeder,Harringtonstad
4,Amanda Olson,East Jamesside
5,James Reynolds,Jonathanview
6,Luke Brown,Stephenview
7,Brett Delgado,Stonemouth
8,Wendy Davidson,Ramirezburgh
9,Ryan Lopez,South Shannon
10,Dakota Brown,Campbellstad
11,Jeffrey Mckinney PhD,West Kenneth
12,Ashley Jennings,Nealshire
13,William Rodriguez,Gordonbury
14,Terry Day,Port Charles
15,Mrs. Melissa Mckenzie,Port Benjamin
16,John Morgan,Donnaburgh
17,Latasha Harvey,Port Robertberg
18,Jose Simmons,Smithmouth
19,Cheryl Ellis,Port Brittney
20,Richard Martin,Port Jean
21,Michael Bishop,New Michaelmouth
22,Robert Davidson,East Jillian
23,Mr. Shawn Carrillo,West Jeffreystad
24,Michele Lopez,West Toddmouth
25,Aaron Phillips,Brianshire
26,Sean Wright,East Eric
27,Teresa Crawford,Maryshire
28,Caitlin Patton,Josephport
29,Sarah Gonzalez,New Joannaton
30,Julie Kelly,West Robertton
31,Daniel Russo,North Michael
32,Emma Mclaughlin,Lake Jeffreychester
33,Joseph Jones,Chrismouth
34,Holly Espinoza,Charlesmouth
35,Robert Manning,West Dustin
36,Rachel Harris,South Warren
37,Joe Smith,West Davidland
38,Maria Martin,East Christineville
39,Madison Shelton,Lake Anthony
40,Morgan Johnson,North Ann
41,Ashley Valdez,New Melissa
42,Deborah Meyer,Myersborough
43,Jacqueline Walker,North Victoria
44,Tamara Gomez,Whitefurt
45,Connie White,Salinasland
46,Diana Dunn,East Edwardbury
47,Jeffrey Wood,Adamston
48,Michelle Fernandez,North Markmouth
49,Jonathan Jones,North Joann
50,Joshua Martin,Carneyview
51,Luis Weeks,Davidtown
52,Jessica Lawson,West Jeffville
53,Theresa Reyes,Bryanfurt
54,Natasha Davis,Lake Eric
55,Eric Peters,West Tonystad
56,Francis Brown,Wagnerberg
57,Elizabeth Reed,South Mallorychester
58,Rebecca Hess,Wilsonberg
59,Heather Green,West Shannonland
60,Tara Salazar,Lake Thomasmouth
61,Joel Brown,Estesmouth
62,Taylor Smith,West Guy
63,John Holmes,New Geraldton
64,Jared Young,Katiefurt
65,Angela Bradley,Anthonyborough
66,Noah Castro,Williamsbury
67,William Bates,Herreraborough
68,Pamela Martin,West Christopherhaven
69,Deborah Castillo PhD,New Lisaton
70,Pamela Thomas,East Courtney
71,Crystal Lee,New Autumn
72,Phillip Anderson,South Steven
73,Amanda Cline,Mccoyburgh
74,Tiffany Richardson,East Josephchester
75,Sean Martinez,New Sherryland
76,Angela Morales,East Gregory
77,Kathryn Richardson,Jarvisburgh
78,Katherine Campbell,New Christopher
79,Margaret Blair,Michaelbury
80,Gina Callahan,Lake Chad
81,Angela Wilson DDS,Cortezview
82,Vicki Conrad,Michelleview
83,Anthony Patel,West Williammouth
84,Angel Ward,Riggsview
85,Jason Oneal,Brownborough
86,Monica Green,New Michaelberg
87,Robert Hodge,East Linda
88,Christopher Wilson,Williambury
89,Jamie White,Port Martin
90,Frank Hamilton,South Aaron
91,Kendra Romero,Piercemouth
92,Judith Mitchell,Moorehaven
93,Allen Hamilton,Veronicaborough
94,Stephen Henderson,Port Dawn
95,Stephanie Hancock,Frenchbury
96,Jason Ross,Deborahtown
97,Sarah Carrillo,Danielmouth
98,Stacey Williams,Port Michaelville
99,Heather Shah,Port Jorge
100,Laura Hendrix,Flemington
101,Sherry Gutierrez,South Benjamin
102,Deborah Mcgrath,Johnsonhaven
103,Colin Heath,West Aprilmouth
104,David Cook,Courtneyport
105,Pam Hernandez,Alantown
106,Catherine Roberts,Lake Barry
107,Scott Gutierrez,Duranfurt
108,Deanna Morris,Harveychester
109,Kelly Martinez,West Monicaport
110,Jessica Holder,Charlesbury
111,Carol Griffin,East Tiffanybury
112,Heather Hurst,Mooreland
113,Gabriel Morrow,Watkinsburgh
114,Shelby Solis,Snyderbury
115,Frederick Smith,Lawsonport
116,Laura White,Port Brendaville
117,Leslie Carr,Greenshire
118,Jennifer Hunter,South Julieberg
119,Dr. Cassidy Pacheco,Wilsonfurt
120,Danny Barnes,West Jessicahaven
121,Lance Mora,Alanville
122,Jennifer Castillo,Owenston
123,Megan Gonzalez,Smithborough
124,Oscar Barnett,Conleyburgh
125,Thomas Smith,West Christopherport
126,Stacy Diaz,Port Donnaview
127,Michael Cunningham,Port Nancybury
128,Rose Coleman,Heatherport
129,Spencer Smith,Port Brian
130,Dr. Kyle Taylor DDS,Jessebury
131,Thomas Meza,Micheleport
132,Jacob Pena,Millerborough
133,Amanda Duncan,Port Brianburgh
134,Heather Bryant,Romeroville
135,Sandra Moses,West Jeffrey
136,Daniel Carter,West Peggy
137,Justin Robbins,Hallside
138,Crystal Stanley,Shannonside
139,Theresa Smith,New Marissatown
140,Hector Tapia,New Danastad
141,Richard Waters,Peckmouth
142,Charles Miller,Rojasberg
143,Wanda Lee,Christinechester
144,Lauren Greene,Jacquelineside
145,Francisco Scott,Garciaport
146,Leonard Douglas,Jacksontown
147,Jessica Bradley,Johnsonmouth
148,Stacey Combs,Murphyville
149,Shawn Quinn,Andreachester
150,Mary Ho,East Benjaminshire
151,Maurice Goodwin,New Jeremiah
152,Anna Ford,New Adammouth
153,April Hernandez,Calebburgh
154,Pamela Wyatt,Port Ronnieview
155,Daniel Griffin,Port Angelicaville
156,Christine Payne,Rushtown
157,Andrew Medina,South Patriciaton
158,Evelyn Hughes,North Rogermouth
159,Teresa Richardson,Wilsonville
160,Maurice Barron,Lake Debra
161,Melissa Garcia,Port Timothymouth
162,Ryan Wilson,West Michelleberg
163,Courtney Perry,South Donnatown
164,Joseph Thompson,Port Sarahfort
165,Breanna Bender,New Brianville
166,Debra Hanson,West Heatherchester
167,Mathew Gaines,Geraldville
168,Todd Vazquez,North Amandaside
169,Alison Jenkins,Port Brittanyburgh
170,Mary Lopez,New Richardburgh
171,Brian Powell,West Davidport
172,Daniel Jackson,West Steven
173,Janet Peterson,Lake Shannon
174,Deanna Diaz,East Lisa
175,Eddie Benjamin,Pennyfurt
176,Sheena Coleman,Davidbury
177,David Anderson,Timothyville
178,Mr. Aaron Washington DDS,Wilsonside
179,Keith Pearson,Charlesport
180,Michael Butler,Cynthiaborough
181,Karen Todd,Sandovalmouth
182,Joshua Zimmerman,South Arthur
183,Dennis Beltran,West Rileyview
184,Lori Brewer,New Mary
185,Aaron Weber,Schmidtberg
186,Michelle Anderson,Selenaburgh
187,Sandra Walters,Gregoryside
188,Gregory Martinez,West Bradleystad
189,Pamela Skinner,Lake Olivia
190,Amanda Stanley,Lake Bianca
191,Glenn Moore,Port Jeffreyview
192,Michael Smith,Lake Alvinville
193,Tina Sandoval,Sharonberg
194,Shannon Hoffman,Arnoldstad
195,Terry Johnson,Lauramouth
196,Erica Harvey,Daltonport
197,Dr. Jason Miller,Kimstad
198,Dorothy Preston,Robertsonport
199,Matthew Mcdonald,West Jamesshire
200,Heather Martinez,West Jennifershire
201,Caitlin Thomas,Gilbertville
202,Edward Gilbert,Archerborough
203,Nicholas Patrick,Port Patricia
204,Stephanie Mcintosh,North John
205,Elizabeth Young,New Johnny
206,Lisa Long,New Kellyborough
207,Karen Page,Stephenville
208,John Cox,North Matthew
209,Timothy Delacruz,Edwardsmouth
210,Gina Robles,Nelsonshire
211,Joel Scott,Lewismouth
212,Cynthia Spencer,Alexishaven
213,Peggy Huynh,Youngland
214,Barbara Cochran,Parkerland
215,Katie Walker,West Matthew
216,Ricky Ramirez,Lorifort
217,Taylor Fletcher,North Latashaview
218,Jennifer Brown,North Christopherborough
219,Lori Chavez,Kurtchester
220,Jennifer Diaz,Kathrynstad
221,Steven Hernandez,Ashleychester
222,Kathleen Stevenson,Port Travis
223,Allen Sims,Hayesfort
224,Darryl Huffman,East Brian
225,Valerie Brock,Port Christina
226,Mr. Charles Gregory,Carterside
227,Chad Gordon,Martinborough
228,Dana Roth,West Seanberg
229,William Johnson,Lake Allenhaven
230,Lori Davis,Port Elizabethfurt
231,Vanessa Lawrence,Woodview
232,Derrick Hurst Jr.,Edwardhaven
233,Jeremy Parker,Timothyborough
234,James Bailey,South Joshuafort
235,Jessica Acevedo,Jacksonshire
236,John Walker,Coopershire
237,Hannah Rodriguez,Masonside
238,Daniel Young,South Andreborough
239,John Hansen,West Stephenchester
240,Lindsey Johnson,East Michaelberg
241,Timothy Baker,Jamesfurt
242,Kelly Rosales,Bakermouth
243,Christopher Gibson,Lake Danielle
244,Stanley Morris,Stephenstown
245,Hunter Peterson,Cunninghamfurt
246,Brian Young,Jodifurt
247,Ruth Hernandez,Lake Timothyton
248,Vincent Martinez,South Sara
249,Beth Blankenship,Justintown
250,Amber Collins,Stacieberg
251,Christopher Walker,Jenniferchester
252,Dennis Bennett,Burnsville
253,Erica Colon,Lake Teresa
254,Rebecca Johnson,West Christopher
255,Thomas Cook,North Sarah
256,Cindy Huang,East Keithtown
257,Sheila Williams,Wrightmouth
258,Michael Burton,Hammondfort
259,Gabriel Walker,East Dalton
260,Patrick Anderson,Contrerasburgh
261,Erika Martin,Clayport
262,Jessica Walker,Port Chloe
263,Melissa Rivas,Brownfort
264,Isabel Jackson,South Megan
265,Timothy Sharp,East Mark
266,Karina Montoya,Colemanview
267,Dennis Cooper,Markshire
268,Tiffany Howell,South Sandra
269,Stephen Thompson,Lake Teresa
270,Alejandro Hartman,Hardyville
271,Corey Johnson,Port Michael
272,Chad Chavez,Port Thomas
273,Kathleen Gonzalez,West Heatherton
274,Seth Kim,Wallsbury
275,Teresa Cain,North Crystal
276,Abigail Monroe,Mcdonaldmouth
277,Brian Mitchell,Josephview
278,Tina Ryan,East Patricia
279,Shirley Collins,Cherylmouth
280,Tonya Clark,New Tammyborough
281,Randy Stevens,Lake Cindy
282,Daniel Keith,New Jennifer
283,Michael Ibarra,South Kennethhaven
284,Robin Morris,West Ronaldtown
285,Christopher Graham,Amandaborough
286,Daniel Moyer,Jenniferside
287,Nicholas Nunez,Lake Michaelville
288,Michelle Chavez,Davidville
289,Casey Johnson,South Karenfort
290,Kari Wilcox,Hudsonmouth
291,Steven Duran,North Kathleenberg
292,Shawn Webb,North Juanville
293,Joseph Johnson,East Jeffreyview
294,Taylor Vazquez,Lake Deniseville
295,Leah Ross,Masontown
296,Kayla Lee,Shannonberg
297,James Sheppard,West Nicholaschester
298,Brenda Wallace,Port Susan
299,Dale Fisher,Lake Lisaborough
300,Michael Mccullough,Port Nathan
301,Gerald Anderson,West Michaeltown
302,Robert Acosta,West Kimberly
303,James Olson,Billshire
304,Heather Tucker,Moorestad
305,Jennifer Coleman,Watkinsburgh
306,Kelly Nelson,Archerfurt
307,Raymond Hudson,Porterfort
308,Teresa Hamilton,East Gracetown
309,Joel Warren,South Beckyberg
310,Brad Carrillo,Corymouth
311,Jared Wilson Jr.,Lake Ronnieshire
312,David Russell,Davidtown
313,John Gallagher,South Heatherhaven
314,Phillip Cox,North Jameston
315,Chelsea Moore,Randallburgh
316,Bradley Williams,Davidport
317,Mary Sanchez,Williambury
318,Brenda Bell,South Wesleyburgh
319,Linda Paul,Eatonshire
320,Kathryn Griffith,Jessicaland
321,Brian Marshall,Port Ryanmouth
322,Barbara Pineda,East Lisa
323,Scott Hunter,Jonesmouth
324,Karen Hamilton,Crystalhaven
325,Jeanne Osborn,Port Jennifer
326,Johnny Burgess,Thomasfurt
327,Clayton Ortiz,West Donna
328,Briana Brown,Johnsonshire
329,Alexis Valenzuela,Lake Alan
330,Joseph Phelps,Warnerside
331,Timothy Fernandez,Lesliebury
332,Janice Williams,Erinview
333,Joshua Zhang,Padillaberg
334,Richard Sullivan,Aaronchester
335,Michelle Harris,Josephbury
336,Mrs. Brenda Carlson,North Tiffanyport
337,Veronica Johnson,North Jordan
338,Mrs. Summer Huber,Port Heather
339,Daniel Hernandez,South Christopher
340,Ryan Morales,Port Edwinburgh
341,Peter Nguyen,Thompsonside
342,David Holt,South Kimberly
343,Leonard Garza,West Juanmouth
344,Danielle Murphy,Lake Lisabury
345,Sandra Duncan,South Brianmouth
346,Jennifer Coleman,New Amber
347,David Fuller,Lake Kellyport
348,Zachary Gray,Victoriahaven
349,Kenneth Perkins,New Ellenbury
350,Kenneth Smith,Rileyfurt
351,Victoria Levine,Cunninghamland
352,Darius Castro,Cannonmouth
353,Zachary Rose,Port Coreyport
354,Jonathan Kelley,Sandraton
355,April Olson,Port Nicholas
356,Patrick Glover,Michaelshire
357,Noah Nash,Lake Stephanieport
358,Christine Torres,Johnsonside
359,Wesley Burgess,South Amytown
360,Brandy Pena,Danielview
361,Gregory Johnson,Jorgeton
362,Yvette Payne,Lake Thomaston
363,Alyssa Adams,West Aaron
364,Alex Dennis,Davisville
365,Carlos Cooper,North Tiffany
366,Jeffrey Page,South Christopherville
367,Jeffrey Jackson,Shannonhaven
368,Michael Robinson,Danaport
369,Oscar Thomas,New Kathy
370,Steve Newton,Lake Isabella
371,Kristy Harris,New Heidiberg
372,Joy Walker,Waltersburgh
373,Brandi Donaldson,Williamsville
374,Tina Thomas,Patrickbury
375,Jason Riley,Gregfurt
376,Adam Hanson,Stephenview
377,Danielle Gomez,Lake Kristi
378,Eric Morse,East Michael
379,Kathleen Nielsen,South Monicafurt
380,Shannon Dean,Port Robertmouth
381,Andrew Leblanc,Jenniferport
382,Stephanie Butler,Jamesfurt
383,Tina Gibson,New Stephen
384,Robert Arnold DDS,Sophiaberg
385,Tracy Mason,South Antonio
386,Jason Reed,Aaronbury
387,Ralph Cooper,Johnsonberg
388,Ashley Gray,Nicolefort
389,Jessica Meyers,North Jessica
390,Lisa Green,Brownbury
391,Steven Hoover,South Patricia
392,Tricia Olson,Sherryhaven
393,Jill Sherman,Leahmouth
394,Chris Phillips,Sloanport
395,Seth Moore,Port Jerry
396,Joseph Watts,Michelleburgh
397,Kaitlyn Green,East Lisashire
398,Sarah Hill,Georgefurt
399,Scott Wang,Michelleberg
400,Nancy Barber,Williamschester
401,Jon Diaz,Richardsonbury
402,Kelly Harris,West Ashleefurt
403,Patrick Shea,Lake Edward
404,Heather Guzman,South Fernando
405,Andrew Wilson,Lake Regina
406,Michele Walter,Adamton
407,Robert Warner,Floresfort
408,Ashley Russell,Reidburgh
409,Lori Henry,West Williamport
410,Jeremy Hale,New Elizabeth
411,Aaron Harrington,New Allison
412,Kristin Myers,New Karenside
413,Andrew Mack,Myersland
414,Joshua Bowen,Anthonyview
415,Jennifer Brown,Lake Johnville
416,Jason Myers,East Rachelburgh
417,Dawn Butler,Cynthiashire
418,Martha Savage,Wrightmouth
419,Christian Hoffman,Williamsfurt
420,Jennifer Powers,Butlerland
421,Michael Miles,Danielmouth
422,David Stone,West Tina
423,Ricardo Becker,Lisaburgh
424,Mary Parker,Kathleenport
425,Madison Acosta,Lauraport
426,Michael Martin,North Robert
427,Michael Dominguez,Nicholasland
428,Travis Gonzalez,North Beckyberg
429,Cynthia Joseph,Lambertfurt
430,Rebecca Wang,Vargasburgh
431,Linda Vega,Ronaldport
432,Ashley Brennan,East Danielleborough
433,Jason Reed,Lake Shannonmouth
434,Heather Jensen,Keithchester
435,Mark Baker,New John
436,Shawn Smith,Bellland
437,Lisa Brown,Martinezport
438,Miss Crystal Jackson,Ethanberg
439,Alexandra Hughes,Kathleenland
440,Alexander Fuller,Port Kristen
441,Erin Rodriguez,Lewisside
442,Jessica Manning,Port Faithview
443,Jonathon Carter,North Jared
444,Thomas Scott,Newtonshire
445,John Patrick,West Jasonview
446,Ronald Graham,West Ruthport
447,Seth Yates,Darrylville
448,Brenda Mcdonald,Yeseniabury
449,Anthony Berry,Lake Daisybury
450,Nicholas Ramirez,Lake Brentchester
451,Heather Brown,North Robert
452,Gary Gallegos,West Yvettefort
453,Miranda Mendez,New Jeremy
454,Vanessa Gray,Rachelchester
455,Anthony Barber,Maddoxhaven
456,Barbara Chapman,West Susan
457,Edward Frost,Amberland
458,Aaron Dunlap,North Christinamouth
459,Olivia Taylor,East Janice
460,Bob Hall,Smithfort
461,Madison Hoffman,New Travisfort
462,Christopher Carter,Lake Dennis
463,Katrina Lopez,Port Austinfurt
464,Robert Ferguson,Robertsonmouth
465,Sherry Hale,Schmidtland
466,Natasha Carson,Garyfurt
467,Cody Harvey,Valerieberg
468,Danny Smith,West Robertomouth
469,Kimberly Marshall,Shaneborough
470,Joshua Smith,Smithstad
471,Jessica Lloyd,Tranland
472,Kenneth Costa,Mendozaside
473,Rickey Sanchez,Ronaldfort
474,Lance Mendez,Karenmouth
475,Gabriella Brown,Dalefurt
476,Mr. Jason Todd,Port Hannahtown
477,Amy Conner,Daltonshire
478,Maria Johnson,East Amyville
479,Benjamin Lee,Port Lori
480,Tiffany Hernandez,Castrostad
481,Amy Palmer,Port Loganburgh
482,Toni Jackson,Mccartymouth
483,Amanda Gutierrez,Shawnatown
484,Brian King,Murphybury
485,Amanda Ruiz,Robertborough
486,Brian Gutierrez,Jillhaven
487,April Jackson,East Johnburgh
488,Monica Lopez,Bradleychester
489,Peter Sanders,Lake Hannahville
490,Scott George,Amymouth
491,Mary Riley,Leemouth
492,Alicia Mendoza,East Lindseyport
493,Christopher Gonzales,Guzmanshire
494,Erin Schaefer,North Davidberg
495,Mary Sherman,South Dylantown
496,Steven Jimenez,West Stacyview
497,Taylor Strickland,West Nicole
498,Diana Avila,Johnfort
499,Carol Thompson,South Christopher
500,Ashley Tate,Port Mariemouth
501,Trevor Warren,South Donaldport
502,John Oliver,Parkerview
503,Jessica Lopez,Castillomouth
504,Jeremy Weaver,Williammouth
505,Pam Dixon,Katherinebury
506,Amy Knapp,New Brentchester
507,Jennifer Manning,Annstad
508,Christine Wood,Lake Dorothy
509,Patty Johnson,New Mark
510,Anthony Lee,North Danielside
511,Jackie King,North Teresaport
512,Gregory Burnett,Charlesburgh
513,Robert Martinez,Port Denniston
514,Christine Ellison,Bridgesberg
515,Angela Lambert,Homouth
516,Meghan Holland,Port Monicafort
517,Cynthia Matthews,Lake Brandon
518,Michael Mccormick,Davidborough
519,Stacy Murphy,Melissaton
520,Brooke Patterson,Jennifertown
521,William Owens,Curtischester
522,Jeffrey Snyder,Gonzalezborough
523,Susan Taylor,Jonburgh
524,Timothy Gill,Larryshire
525,Steven Walker,West Monica
526,Samantha Ruiz,Meltonland
527,Christy Campbell,Ianbury
528,Jillian Bowen,Jeremystad
529,Cynthia Butler,Joanneside
530,John Stewart,Port Colin
531,Jacob Jackson,Millermouth
532,Kristin Johnston,Lake Eugeneside
533,Anthony Todd,South Christine
534,Edward Duncan,Nguyenhaven
535,Ryan Hernandez,West Tinaside
536,Jason Frazier,Tannerburgh
537,Lisa Cox,Lake Michaelton
538,Mary Arellano,Clarkburgh
539,Malik Lowe,Priceton
540,David Wilson,West Jesseton
541,Kristina Price,Juliafurt
542,Thomas Miller,Toddmouth
543,Tina Woods,Lake Shelbymouth
544,Leslie Mcmillan,West Josephbury
545,Sherry Mann,Torresland
546,Tina Wong,Zimmermanhaven
547,Christopher Bradshaw,Flynnfurt
548,David Proctor,Morganchester
549,Phillip Callahan,North Jerry
550,Jill Smith,South Chad
551,Lori Johnson,North Kimberly
552,David Adams,Brownstad
553,Francisco Lopez,New Lauraborough
554,Timothy Jennings,Port Danielle
555,Kathy Sexton,Dawnview
556,Kimberly Garcia,Thomaston
557,Sharon Miller,Bauermouth
558,Angel Johnson,North Rodneytown
559,Michael Austin,Port Anthony
560,Kim Wilkerson,Lake Tracey
561,Sharon Wallace,Sabrinamouth
562,Thomas Randall,Lake Melanie
563,David Mcintyre,Port Catherineshire
564,Johnathan King,Freemanbury
565,John Williams,Port Toddfort
566,Robert Brown MD,Lake Erica
567,Richard Jones,Lake Gary
568,Robert Black,Jonesburgh
569,Aaron Coleman,Joneshaven
570,Sheena Russell,Lake Jasminefort
571,Michelle Miller DDS,South Keithmouth
572,Cheryl Nolan,Kimberlybury
573,Shelby Small,Stewartmouth
574,Dr. Terri Martin,Port Laura
575,Thomas Gross,Frankmouth
576,Crystal Zimmerman,West Charles
577,Mary Johnson,South Brentburgh
578,Joseph Duncan,West Kelseyborough
579,Julie Frye,Amychester
580,Michael Gomez,West Nataliebury
581,Craig Erickson,Markstown
582,Anthony Oliver,West Thomas
583,David Reeves,Nelsonmouth
584,Jordan Perez,Port Jonathan
585,Melissa Mcclure,New Teresamouth
586,Jennifer Paul,Karenchester
587,Stephanie Nunez,Waltertown
588,Mia Curtis,Edwardmouth
589,Kelly Martin,West Karenborough
590,Andrew Gray,North Seanborough
591,Marcus Stone,West Michael
592,Todd Figueroa,Jonesport
593,Casey Anthony,North William
594,Katherine Coleman,Port Anne
595,Sandra Camacho,New Christina
596,Mark Solomon,Danielhaven
597,Taylor Smith,Taylorton
598,Miguel Cooper,East Kimberlystad
599,Steven Cox,Lake Ryanshire
600,David Peters,East Tammymouth
601,James Hall,Alexanderfurt
602,Amanda Flores,New Sierramouth
603,Jacob Stewart,Wendytown
604,Keith Cline,Jamesfort
605,Christine Berg,Nixonshire
606,Nicole Carpenter,New Jackson
607,Chase Rogers,Millsview
608,Jerry Castillo,Mirandaborough
609,Martin Nolan,South Chelsea
610,Christina Knight,Tanyahaven
611,Mrs. Rebecca Cruz,Atkinsonville
612,Amy Myers,Susanville
613,Stephanie Harris,East Paulville
614,Jesse Graham,East Terri
615,Shannon Smith,East Jonathanhaven
616,Seth Hanson,Richardmouth
617,Melissa Love,Port Blakestad
618,Donna George,Linshire
619,Chad Scott,Johnsonchester
620,James Conley,Wilkinsonchester
621,Stephen Chavez,Sullivantown
622,Craig Oneill,Jayhaven
623,Kathryn Gibson,Hahnview
624,Gerald Oliver,Tammyview
625,Shannon Thompson,Harperfurt
626,Erica Anderson,Lake Amandamouth
627,Philip Collins,Fergusonmouth
628,Billy Gonzalez,New Charlesland
629,Samuel Harvey,Port Karenfurt
630,Diana Mcmahon,Williamsonborough
631,Justin Levine,Jayside
632,Stacy Stevenson,Alexanderview
633,Amy Kent,Lake Williambury
634,David Andrews,Millertown
635,Elizabeth Craig,Troybury
636,Jennifer Reyes,Port Jasontown
637,Brian Stanley,Smithbury
638,Christopher Smith,Masonview
639,Jeffrey Torres,West Andrewbury
640,Jay Cruz,Larrybury
641,Jo Moore,New Jessica
642,Katherine Calderon,North Katherine
643,Jennifer Jackson,Dickersonmouth
644,Tiffany Nielsen,North Angela
645,Ashley Benson,Lake Elizabeth
646,Cassandra Bowman,Charlesside
647,Eric Diaz,Burkeberg
648,Erica Gilbert,Farrellborough
649,Tamara Smith,Lake Susanberg
650,Jill Phelps,South Nicoleview
651,David French,Vanessastad
652,Jason Mathis DDS,South Abigailmouth
653,Shannon Cunningham,North Daniellefort
654,Eric Ray,Coxshire
655,Austin Rodriguez,Port Matthewstad
656,Edward Scott,Reedchester
657,Michelle Acevedo,Brightstad
658,Lisa White,New Jennifer
659,Natasha Perez,Lloydtown
660,Craig Wade,Stephanietown
661,Maria Myers,Mcclureton
662,Lauren Lopez,South Michael
663,Danielle Dominguez,Laurenton
664,Kelli Cruz,Williamshire
665,Misty Hicks,Gordonhaven
666,Marie Graham MD,Port Jamieside
667,Dr. Mason Becker,Frankton
668,John Thomas,North Sandy
669,Jerome Curtis,Carterport
670,Samantha Moran,Port Paul
671,Barbara Williams,North Melissa
672,Stephanie Wilson,Toddshire
673,Dakota Blevins,Jacksonland
674,Kyle Palmer,South Katieville
675,Tiffany Stewart,Johnville
676,Mark Henry,North Kyle
677,Logan Carney,Danielview
678,Marilyn Phillips,Hamiltonchester
679,Samantha Baker,South Bonniebury
680,Arthur Blackburn,Lake Angela
681,Crystal Johnston,New Elizabeth
682,Laura Mendez,South Natalietown
683,Stacey Stewart,East Kenneth
684,Keith Martin,North Christopherland
685,Alicia Foster,Michaelchester
686,Fernando Marshall,West Scottburgh
687,Eugene Wyatt,East Jason
688,Gloria Johnson,East Laura
689,Caroline Russell,Jamesshire
690,Mr. Curtis Khan,South Juan
691,Jamie Castro,Darleneshire
692,Michelle Mcdaniel,Leeside
693,Cynthia Jefferson,Mcguiretown
694,Erin Hayes,East Kimberly
695,Robert Carter,East Sydney
696,Jesus Lynch,West Arthurberg
697,Sonya Williams,Coxmouth
698,Kathryn Robinson,Anthonychester
699,Lindsay Martinez DDS,North Nicholasstad
700,Sherri Nelson,Gilmoreborough
701,William Jordan,Brookeside
702,Renee Lindsey,New Ashley
703,Andrew Caldwell,Lake Kaitlinfurt
704,Shawn Moore,South Josephville
705,Alicia Fields,Trujilloport
706,Kathleen Yang,Kingburgh
707,Drew Lewis,Robertsland
708,Amanda Hudson,Lake Brianburgh
709,Kristen King,New Stephen
710,Donald Barnes,Toddmouth
711,Audrey Clark,Kerryhaven
712,John Jones,Loriview
713,Dr. Tami Li MD,Carterville
714,Thomas Fernandez,Jasonchester
715,Sarah Montgomery,Kyletown
716,Michael Ward,New Rachelfort
717,Kimberly Bailey,Westland
718,Amanda Myers,Charlesfort
719,Kim Carter,North Nicholas
720,Christopher Jenkins,Robertton
721,Ruben Fry,Cherylmouth
722,Mark Pierce,Port Anthonyborough
723,Darren Huffman,Vasquezfort
724,Dr. Kari Ramirez,Daniellestad
725,Megan Jones,East Richard
726,Stephanie Hall,New Cassandraburgh
727,Natalie Mosley,Ortegaburgh
728,Darren Hudson,Lake Sherryshire
729,Michael Hall,Pamelaport
730,Lisa Williams,North Marvinville
731,Michael Ramsey,Greenhaven
732,Hannah Rodriguez,West Karenton
733,Richard Hines,Gonzalezmouth
734,Amanda Crawford,Thompsonmouth
735,Katherine Duran,East Thomas
736,Betty Huber,Lake Luisland
737,Julie Burnett,New Alechaven
738,Cheryl Shelton,East Alexandriamouth
739,Lee Oliver,West Angelatown
740,Tina Bush,North Justintown
741,Sarah Perry,North Phyllis
742,Luis Garcia,West Richard
743,John Harrison,West Aliciaberg
744,Timothy Mcconnell,Phillipsberg
745,Ann Combs,South Johnview
746,Joseph Hancock,Lake Justin
747,William Arnold,Xaviermouth
748,Charles Bishop,Carlsonchester
749,Zachary Shelton,Jennifertown
750,Sherry Prince,Tracybury
751,Angela Barnes,New Tanya
752,Kendra Wilson,Tylerport
753,Angela Reynolds,North Erica
754,Ronald Clayton,Harrisbury
755,Carl Brown,Susanchester
756,Melissa Smith,New Paula
757,Brandi Walker,Lake Natasha
758,Sandra Horton,Lake Robertberg
759,Michael Torres,Fergusonview
760,Shannon Clark,North Davidberg
761,Mary Brown,Port Megan
762,Erica Hart,Leonardport
763,Joshua Boyd,West Donaldview
764,Rickey Bender,Port Troytown
765,Frances Flynn,West Joshuamouth
766,Mark Hess,Hunterville
767,Katherine Cox,Martinmouth
768,Katherine Lowe,Lake Warrenshire
769,Jennifer Baker,New Jeremy
770,Judith Rice,North Dylantown
771,Susan Jackson,East Joshuaview
772,Teresa Chambers,Bellview
773,Kyle Adams,Jenniferport
774,Danielle Johns,Dixonton
775,Daniel Ellis,East Nicholasmouth
776,Danielle Espinoza,West Andrew
777,Christian Holmes,Deborahshire
778,Ashley Johnson,Lake Laurashire
779,Monica Lloyd,Sherrytown
780,Brandon Thompson,Pattersonfort
781,Nicole Barr,Lambertview
782,Zachary Mendoza,Port Chase
783,Kenneth Hill,Buckleyfort
784,Michael Bishop,Rogerport
785,Jose Hansen,Lozanoshire
786,Charles Williamson,Jennifermouth
787,Elizabeth Cannon,East Tammy
788,Andrew Harvey,Gordonmouth
789,Corey Espinoza Jr.,West David
790,Kimberly Mitchell,Camposborough
791,Alexandra Barber,Peterhaven
792,Kimberly Garza,Morrismouth
793,Mario Berry,South Annestad
794,Brandon Little,Douglasmouth
795,Ronald Diaz,East Teresafurt
796,Eric Davies,Andrewside
797,Heidi Cooper,Andersonshire
798,Tammy Navarro,Lake Eileen
799,Paul Nelson,East Amandamouth
800,Daniel Moreno,South Robertside
801,James Lewis,Port Joshua
802,Samantha Smith,South Toddtown
803,Matthew Cook,Melissashire
804,Michael Burns,Joseshire
805,Andrew Kennedy,Howardstad
806,Tammy Jimenez,Markberg
807,Heather Gonzalez,Port Susan
808,Regina Hebert,Deanview
809,Henry Green,Lake Susanfort
810,Suzanne Mills,North Krystalchester
811,Thomas Smith,New Crystalview
812,Thomas Hoffman,Powellshire
813,Taylor Lozano,North Ryan
814,Maria Cole,Alexandrafurt
815,Holly Brewer,Bentleyborough
816,Ronald Sweeney,Bookerborough
817,Peter Taylor,Guzmanton
818,Eric Alvarez,Port Steven
819,Dylan Henry,Lamberg
820,Seth Brooks,East Erik
821,Raymond Bell,Rickside
822,Amy Waters,West Jason
823,Peter Hill,Gonzalezburgh
824,Karen Rodgers,Lake Dawnchester
825,Donald Macdonald,Ethanton
826,Mr. William West,Hollyside
827,Tammy Sanchez,Alexandratown
828,Julie Blair,Rosston
829,James Burch,Lake Richard
830,Kristina Martinez,Barbaratown
831,James Miller,Gaymouth
832,Judith Wilkins,North John
833,Mary Peterson,Gonzaleztown
834,Nicolas Vaughan,Richardland
835,Deanna Davis,Williamhaven
836,Mark Bailey,Jerrychester
837,Kevin Brown,South Tonya
838,Stephanie Manning,Lake Elizabethshire
839,Amanda Garcia,Port Nathanmouth
840,Heather Peters,West David
841,Jenna Henry,Ingramhaven
842,Wendy Jackson,Peterborough
843,Jennifer Wilson,West Ginatown
844,Cynthia Sanchez,Soniaborough
845,Mercedes Sanchez,Jesusstad
846,Bruce Henry,Patrickburgh
847,Amber Shaw,Bakerview
848,George Parker,West Jeffreyview
849,Emma Hernandez,West Jesse
850,John Huang,Jimenezchester
851,Joshua Murray,South Robertmouth
852,Jacqueline Austin,West Christophershire
853,Thomas Huffman,Whitetown
854,Amanda Barajas,Hicksshire
855,David Wise,Owensport
856,Chase Romero,New Danburgh
857,Samantha Holt,Russellland
858,Renee Alexander,Guerrerofort
859,Michele Boone,West Michael
860,Suzanne Garcia,East Crystalville
861,Derrick Washington,West Zachary
862,Susan West,Higginsburgh
863,Alexis Butler,Davidfort
864,Dr. John Schwartz Jr.,West Aliciaview
865,Matthew Reed,Zhangshire
866,Ashley Morris,New Kylefurt
867,Miss Elizabeth Nguyen,West Billy
868,Michelle Thompson,South Amy
869,Carl Cohen,Roblesmouth
870,Richard Vargas,Jeromechester
871,Alicia Sanchez,North Matthew
872,Richard Jones,New Emilyland
873,Clifford Miller,New Joseph
874,Christopher Hill,Kellyton
875,Ronald Smith,Tomville
876,Laura Watson,South Mark
877,Anthony Lewis,Leefort
878,Julia Mcclure,South Paulfurt
879,Scott Wright,Victoriaside
880,John Nelson,North Mark
881,Clayton Melton,Monicatown
882,Kristin Estrada,East Tomhaven
883,John Guerra,West Kristimouth
884,Donna Henderson,Longville
885,Lauren Bradley,East Devinland
886,Stephanie Murphy,South Dustin
887,Katie Edwards,Arnoldchester
888,Tyler Taylor,Joneston
889,Connor Jones,Cisnerosview
890,Veronica Lambert,Kelliton
891,Chelsea Miller,East Carol
892,Johnny Cobb,North Julia
893,Lori Burke,North Michelle
894,Rickey Wilson,Woodsburgh
895,Stephen Moore,East Kayleemouth
896,Eric Norman,Lake Benjamin
897,Michael Mitchell,West Mariah
898,John Fletcher,Port Robert
899,Richard Bentley,Port Gina
900,Dalton Rodriguez DVM,Ortizfurt
901,Charles Williams,Reedmouth
902,Colleen Myers,East Michaelchester
903,Ashley Sullivan,Marshallmouth
904,Lee Miller,New Steven
905,Amanda Maldonado,East Michelleland
906,Thomas Duncan,Travisshire
907,Anna Allen,Mcdanielstad
908,Brian Miller,East Jennifer
909,Justin Jones,New James
910,John Reese,Valenzuelahaven
911,Robert Robinson,Patelhaven
912,Rose Wood,Lake Keithtown
913,Andrew Cooper,Kimberlyside
914,Matthew Garcia,Gilmorefort
915,Ann Taylor,West Jefferyfort
916,Sarah Wilson,Port Kevin
917,Jonathan Butler,Sarahborough
918,Nathan Mayer,Jeremyberg
919,Jill Boyd,Marymouth
920,Keith Johnson,Brittanychester
921,Tammy Cook,Annatown
922,Philip Valdez,West Erika
923,Jennifer Carey,Smithland
924,Dr. Jody Stewart,Birdhaven
925,Chad Mitchell,Jefferyview
926,Sara Hernandez,South Kyliefort
927,Kristin Mitchell,North Karaborough
928,Kimberly Smith,Davishaven
929,Michelle Berry,Sparksside
930,Sean Miller,Lake Daniel
931,Scott Nguyen,East Jeffrey
932,Kenneth Johnson,Colefurt
933,Eric Bailey,Port Pamelaview
934,Preston Blankenship,New Robertmouth
935,Dana Goodwin,Ericabury
936,Trevor George,South Paulstad
937,Tiffany Hernandez,Cunninghambury
938,Mallory Peters,Blanchardview
939,Patrick Schmidt,Andersonbury
940,Nicole Taylor PhD,West Susan
941,Derek Lane,North Robertport
942,Jeremy Carroll,West Michael
943,Gary Nelson,East Levistad
944,Jerry Wise,New Aprilmouth
945,David Cox,Lake Tinaport
946,Robert Jones,Allenhaven
947,Greg Yates,Sarahstad
948,Lisa Calhoun,Port Paulburgh
949,David Anderson,North John
950,Richard Flores,South Charlesville
951,Betty Meyer,Barnesland
952,Sally Zuniga,New Michellestad
953,Micheal Rasmussen,Lake Paulastad
954,Brandon Powell,Lake Shawnstad
955,Diane Chavez,Hollyland
956,Michael Lewis,Alejandroberg
957,Marisa Hernandez,Russellmouth
958,Janet Smith,Port Haleyside
959,Christine Cox,Cherylburgh
960,Gerald Hunter,Kylieton
961,Michele Pope,Campbellland
962,Ashley Jones,Marshallborough
963,Robert Jones,New Jay
964,Shannon Anderson,New Ana
965,Theresa Pham,West Rhonda
966,Michelle Owens,Jamesland
967,Robert Stanton,South Nicholasville
968,Alexander Scott DDS,New Raymond
969,Julie Santana,Davidsonberg
970,Nicholas Chen,South Michaelburgh
971,Jennifer Williams,Maynardland
972,Kaitlyn Good,South Kimberly
973,Grace Stevenson,Michelleside
974,John Bradley,New Frankport
975,Laura Brady,New Ryan
976,Michelle Ritter,East Laura
977,Drew Durham,Avilaborough
978,Michelle Castillo,West Ethanmouth
979,Jesse Ali,Lake Jeffreyton
980,Jacqueline Baker,West Jennifertown
981,Megan Rice,East Deniseberg
982,Joel Shepherd,Cobbstad
983,Ryan Smith,Lukeland
984,Cassandra Harris,Cherylberg
985,Christina Bailey,Markville
986,Dillon Smith,New James
987,Dr. James Santana DDS,North Calebland
988,Bruce Davis,Adamsport
989,Luke Shepherd,New Brittany
990,Sarah Mcintosh,Port Erin
991,Jenna Diaz,Rebeccachester
992,Matthew Ferguson,North Andrewtown
993,Teresa Perez,New Robert
994,Diane Chavez,Randallmouth
995,Laura Ho,Lopezbury
996,William Johnston,Port Rebecca
997,Kristi Adams,Deannaland
998,Anne Moore,Rowefort
999,Lauren Powers,West Tammy
1000,Jessica Rivers,West Mark
1001,Christopher Cooper,North Josephport
1002,David Torres,South Lynn
1003,Jose Nelson,Gardnerville
1004,Heidi Velasquez,Parkerberg
1005,Joseph Thompson,Fergusonchester
1006,Christopher Davis MD,Port Biancaland
1007,Jose Powell,South Adam
1008,Brendan Mcpherson,Lake Johnberg
1009,Daniel Parker,East Tammy
1010,Michael Peters,Lake Sueside
1011,Harry Kennedy,East Adrianburgh
1012,Patrick Martinez,Port Sarachester
1013,Robert Aguilar,Jasonborough
1014,Joshua Wells,Stephaniefurt
1015,Susan Johnson,Andrewfurt
1016,Jackie Turner,Johnfort
1017,Ashley Schmidt,West Gabrielle
1018,Henry Vaughn,Rogersburgh
1019,Christina Ortiz,South Chelseaton
1020,Kenneth Knight,Haydenborough
1021,Robert Thomas,Jamesmouth
1022,Maria Moore,Hawkinsstad
1023,Andrea Fischer,Joyhaven
1024,Kevin Hernandez,Silvachester
1025,John Good,West Elizabeth
1026,Christina Smith,South Stephanieview
1027,Susan Ray,Wallville
1028,Antonio Olson,Simpsontown
1029,Emma Carpenter,New Jason
1030,Melissa Young,North Clinton
1031,Ashley Delgado,Josephville
1032,Frank Davis,Smithville
1033,Ryan Santiago,Anthonychester
1034,Kenneth Phillips,Tammytown
1035,Kevin Davis,Zacharyton
1036,Sherri Rose,New Carl
1037,Mathew Mcgee,Salinasborough
1038,Ryan Turner,Jessicashire
1039,Erica Holland,West Brandy
1040,Kimberly Phelps,Kaylatown
1041,Shannon Golden,North Jenniferside
1042,Stephen Moore,North Larry
1043,Mary Baker,Stephaniehaven
1044,Wanda Brown,South Annette
1045,Taylor Evans,Pattersonmouth
1046,Jennifer Vaughn,Allisonfort
1047,Keith Ellis,New Danielshire
1048,Corey Warren,Lake Zacharychester
1049,George Parker,North Kimberly
1050,Darryl Rodriguez,Lindseystad
1051,Denise Collins,West Johnny
1052,Tyler Delgado,Clarkstad
1053,Jessica Wilkerson,Fitzgeraldland
1054,Yolanda Hawkins,Port Erikside
1055,Shawna Williamson,Port Sandrahaven
1056,Jeremy Gould,Lanemouth
1057,Randy Fleming,Port Brittany
1058,Jennifer Harvey,West Davidland
1059,Samuel Dillon,North Terranceview
1060,James Vaughan,West Nicole
1061,Nicole Ewing,New Faith
1062,Sheri Griffith,Shelleyfort
1063,Mark Lee,North Ginahaven
1064,Robert Webb,Port Zacharyburgh
1065,Shannon Gibson,North Paulaview
1066,Robert Foster,Miguelberg
1067,Alicia Cardenas,Lake Toddton
1068,Stephanie Foster,Rosemouth
1069,Nicole Randall,Port Melissa
1070,Jeffrey Anderson,New Michael
1071,Scott Cooper,Anthonyton
1072,Janet Terry,Lake Roger
1073,Vanessa Cook,North Tiffanymouth
1074,Kristin Phillips,South Michaeltown
1075,David Brown,Matthewmouth
1076,Thomas Mann,Christianstad
1077,Heather Oneal,Kellyview
1078,Jeffery Bailey,West Saraport
1079,Cristian Mayer,Carrieberg
1080,Christopher Diaz,North Melissaton
1081,James Diaz,Port Mark
1082,Gary Hubbard,South Taylorfurt
1083,Tina Cameron,Lake Gregory
1084,Paul Henry,Christopherside
1085,Paul Shelton,Nicholebury
1086,Kristen Diaz,Thomasstad
1087,Carl Henry,North Joemouth
1088,Anthony Skinner,New Sarah
1089,Kristine Hernandez,Millerchester
1090,Tammy Henderson,Thorntonburgh
1091,Benjamin Fischer,Williamport
1092,Alex Smith,Millerland
1093,Kelly Cummings,Ramseyport
1094,Chad Dyer,Malikshire
1095,Michelle Wilson,West Jennifer
1096,Kimberly Smith,Ericaville
1097,Amy Johnson,New Sandraside
1098,Robert Coleman,North Heather
1099,Brent Mann,Joyceland
1100,Matthew Cook,West Lawrence
1101,Scott Blake,Lake Derrick
1102,Samantha Lee,Brandonburgh
1103,Scott Escobar,Dominguezberg
1104,Sophia Pittman,Victoriaside
1105,Timothy Perez,Robinhaven
1106,Marvin Barr,New Sara
1107,Daniel Grant,North Daniel
1108,Michelle Flores,Heathershire
1109,Kendra Mcintosh,Petersonbury
1110,Tamara Warren,Ortizport
1111,Hannah Clark,Jessicatown
1112,Nicole Deleon,East Ronald
1113,Anthony Preston,West Janiceland
1114,Jacob Wright,Moorefort
1115,Angie Griffin,Lake Amanda
1116,Lisa Woodard,West Crystal
1117,John Mays,Jessicahaven
1118,David Sharp,Millerstad
1119,Michael Tran,New Shelly
1120,Timothy Murphy,Patrickchester
1121,Holly Norman,Andrewsshire
1122,Christina Lee,East Michaelshire
1123,Harold Mccoy,Ortegaland
1124,Cynthia Miller,South Elijah
1125,Steven Mcconnell,Gatesburgh
1126,Dr. Lee Odonnell MD,Lake Donna
1127,Roy Rodriguez,Port Jessicafurt
1128,Jason Morgan,Lake Theodoretown
1129,Dr. Charles Hubbard,Lake Matthewchester
1130,Sylvia Gallagher,Joannafort
1131,Brianna Valentine,Millerside
1132,Kimberly Hicks,Port Philipland
1133,Laura Johnson,South Jenniferbury
1134,Jeffrey Williams,South Taraland
1135,James Harrison,East Alexandria
1136,Steven Heath,South Darius
1137,Heather Robbins,New Mitchellton
1138,Steven Stewart,Greermouth
1139,Matthew Wilkerson,East Billhaven
1140,Karen Jones,South Johnstad
1141,Glenda Taylor,South Melissashire
1142,Stacy Jackson,Lake Paulmouth
1143,David Taylor,North Misty
1144,Bonnie Freeman,North Michaelstad
1145,Devin Jordan,Gilesstad
1146,Lisa Stevens,Tapiafort
1147,Jeffery Hines,South Heidi
1148,Brett Krause,Lake Patricia
1149,Angel Gray,South Carolynhaven
1150,Erika Wang,North Scott
1151,Stephen Kaufman,Christophertown
1152,Daniel Perry,West Kim
1153,Joel Rivera,Morrismouth
1154,Carol Bowen,Danielland
1155,Edward Jenkins,Diazshire
1156,Traci Cunningham,Davidhaven
1157,Cheyenne Graham,Butlerfurt
1158,Ryan Stephens,Lake Linda
1159,Joseph Smith,Crystalborough
1160,Donald Harvey,West Nicolasbury
1161,Nancy Pratt,Port Michelle
1162,Justin Grimes,Lake Bailey
1163,Dakota West,Jamesside
1164,Mr. Jacob Walker,Christopherfort
1165,Andrea Brown,New Christopherside
1166,Robert Elliott,Petersonburgh
1167,Robin Goodman,Michaelchester
1168,Audrey Gay,West Courtney
1169,Patrick Walker,Singletonview
1170,Michael White,Port Antonioland
1171,Amber Cook,Port Rick
1172,Mark Mcclain,Tinaborough
1173,Vincent Vega,East Danielstad
1174,Amy Wang,East Laura
1175,Patricia Kim,Evanchester
1176,Judith Pierce,Warrenstad
1177,Jacob Thompson,Brownborough
1178,Robert Butler,Michaelfurt
1179,Mike Sanchez,Murphyburgh
1180,Lisa Bailey,Kentmouth
1181,Laura Williams,Batesbury
1182,Jamie Salazar,North Cathy
1183,Laura Sims,East Wandafort
1184,Amanda Lane,West Rebecca
1185,Gregory Morton,Cookstad
1186,Tamara Buck,West Jenniferland
1187,Anthony Mendoza,New Steven
1188,Donald Aguilar,West Michael
1189,Misty Martin,Nicoleshire
1190,Brandon Thomas,Katiemouth
1191,Mallory Rodriguez,West Terriland
1192,Jamie James,North Elizabethville
1193,Daniel Thompson,New Abigail
1194,Krystal Davis,Katherineside
1195,Yolanda Oliver,Emilyburgh
1196,Brenda Cruz,South Davidmouth
1197,Walter Howell,Lake Matthew
1198,Ryan Rodgers,South Jenniferbury
1199,Ryan Martin,Michaelmouth
1200,Gail Thompson,Alisonfort
1201,Christopher Holmes,Lake Erikbury
1202,Casey Wilson,Marybury
1203,Richard Moore,East Thomasfort
1204,Noah Weber,Isaacport
1205,Ashley Cox,Reidside
1206,Samantha Decker,Bryanville
1207,Casey Woodward,Hawkinshaven
1208,Jessica Wilson,South Michellestad
1209,Harold Nash,South Ashleyview
1210,Sarah Anderson,East James
1211,Christina Harris,Robertstad
1212,Alyssa Richard,South Davidmouth
1213,Zachary Lynn,Blankenshiphaven
1214,Tracie Peterson,New Christine
1215,Morgan Vance,Stevenborough
1216,Kristine Estrada,Deborahmouth
1217,Cheryl Ellis,South Jason
1218,Heidi Johnson,New Kimberlyfort
1219,Shelia Raymond,Port John
1220,Rebecca Caldwell,New Kathleen
1221,Douglas Young,New Robert
1222,Nancy Peterson,West Chelseashire
1223,Mario Craig,New Tinaton
1224,Christian Ingram,Matthewfort
1225,Valerie Clark,Port Danielside
1226,Jacob Garcia,Lake Olivia
1227,Charles Johnson,Stanleystad
1228,Travis Gutierrez,Leeville
1229,Calvin Drake,North Stephanie
1230,Miguel Taylor,West Donald
1231,Randy White,East Johnton
1232,Adam Smith,Bowenborough
1233,Erik Sullivan,West Sheenaside
1234,Crystal King,Marystad
1235,Kenneth Briggs,Mullinsport
1236,Eric Rivera,East Johnfort
1237,Jason Moran,Banksfurt
1238,Linda Jennings,Kellyville
1239,Travis Herrera,Morganland
1240,Stacey Wilson,East Allen
1241,Kelly Powers,East Jose
1242,Carolyn Conley,South Adam
1243,Craig Ponce,Larsenton
1244,Xavier Clark,New Melanieberg
1245,Mathew Weiss,North Kevinview
1246,Laura Lee,Noahtown
1247,Darren Evans,Kimberlyhaven
1248,Gregory White,North Cherylview
1249,Christopher Hicks,North Logan
1250,Christian Young,Dorothyview
1251,Joseph Garcia,Diazside
1252,Kimberly Johnson,Martineztown
1253,Christopher Gordon,Lake Shelia
1254,David Sanchez,New Wendy
1255,David Moss,Lawrencehaven
1256,Thomas Taylor,Lake Mary
1257,Joseph Parsons,Rubenbury
1258,Alexa Guzman,New Patrickville
1259,Adam Acosta,Port Davidtown
1260,Allison Harrison,Stevenchester
1261,Rachel Wilson,Tracyberg
1262,Sonya Snyder,South Tylermouth
1263,Kenneth Henry,Fischerborough
1264,Linda Hill,Robinsonfurt
1265,Jennifer Davenport,South Joseph
1266,Diane Wagner,Lake Valerie
1267,Eric Vargas,Albertburgh
1268,Don Moyer,Vanessastad
1269,Benjamin Riley,Port Andrea
1270,Robert Hooper,Jennifertown
1271,Misty Hall,East Michael
1272,Julie Nguyen,Lake David
1273,Amanda Simon,West Angelaberg
1274,Timothy Brown,West Michaeltown
1275,Carla Cook,Rothmouth
1276,Christopher Cruz,Thomasmouth
1277,Cindy Wilson,South Melissa
1278,Adam Miles,Mcconnellview
1279,Cheryl Brown,New Eddie
1280,Nicole Copeland,South Wendy
1281,Elizabeth Simmons,Howardfort
1282,Paula Perry,Jasonbury
1283,Wanda Kim,Jonathanview
1284,Mrs. Kelly Wang,New Summer
1285,Mitchell Smith MD,Benjaminton
1286,Brian Ritter,West Davidville
1287,Ashley Franklin,West Alan
1288,Alan Hernandez,Thomaston
1289,Mrs. Jennifer Estes,Amyport
1290,Brian Lee,Tammyport
1291,Amy Smith,Johnsonland
1292,Nancy Carrillo,Port Tom
1293,Janet Freeman,Stephanieside
1294,Adrian Kent,South Laurenberg
1295,Henry Lopez,East James
1296,Kimberly Sullivan DVM,Hendersonstad
1297,David Long,New Maryland
1298,Daniel Larson,Richardsside
1299,Dr. Adam Mccarty,East Andrew
1300,Justin Jackson,Davisburgh
1301,Sarah Edwards,Michelleview
1302,Christopher Tucker,South Carolborough
1303,Kathy Hughes,Ryanshire
1304,Christina Eaton,East Frederick
1305,Kelly Jones,Carolyntown
1306,Brendan Davis,Amyton
1307,Kyle Guerrero,New Melissashire
1308,Stephanie Fernandez,West Tony
1309,Virginia Randolph,East Samanthaville
1310,Mrs. Jennifer Martinez MD,New Charlesmouth
1311,Krystal Haynes,Stevenmouth
1312,Zachary Stanley,West Ericton
1313,Stephanie Thomas,Howellfort
1314,Toni Miller,Jamesstad
1315,Monica Ewing,East Ianland
1316,Sarah Gutierrez,East Patrickberg
1317,Jon Martinez,Morganmouth
1318,Anna Jensen,Sarahport
1319,Helen Solis,New Craig
1320,Joshua Martin,West Briantown
1321,Michelle Howard,Lake Robert
1322,Beverly Harris,North Christy
1323,James Rivera,North Scottside
1324,Paul Richardson,Smithport
1325,Sierra Jones,North Heatherland
1326,Dennis Ward,Rebeccaborough
1327,Ms. Kimberly Mills,New Charles
1328,Anthony Thomas,Lake Kyle
1329,Samuel Fisher,South Robert
1330,Mackenzie Rice,Port Kyleberg
1331,Richard Johnson,Port Johnny
1332,Tara Woods,Port Christopher
1333,Ashley Wolf,Jacquelinehaven
1334,John Bailey,Kristinchester
1335,Jennifer Maxwell,West Bryanhaven
1336,Teresa Ellis,Port Janetfurt
1337,Gary Martin,Burtonstad
1338,John Williams,Mannmouth
1339,Michael Smith,Jonesland
1340,Stephanie Mcmahon,Port Karlafurt
1341,Kaylee Stuart,Traciland
1342,Melissa Reed,South Stacyport
1343,Richard Romero,Millertown
1344,Amy Rose,Donnachester
1345,Barbara Smith,East Diana
1346,Andrew Bailey,New Scottborough
1347,Timothy Carter,Vargasside
1348,Scott Landry,Jacobsshire
1349,Timothy Moore,Port Ann
1350,Luis Cooper,Dianastad
1351,Robin Nichols,South Margaret
1352,John Green,Manuelville
1353,Tammy Stein,Edwardsville
1354,Joseph Gomez,East Chad
1355,Kelly Berry,Kellytown
1356,April Riley,Lake Alicia
1357,Christopher Stout,Nortonton
1358,Daniel Morales,Johnsonville
1359,Timothy Martin,Smithtown
1360,Evelyn Turner,Baileyport
1361,Stacey Davies,Grantburgh
1362,Douglas Gonzales,West Tracy
1363,Angela Briggs,Laneland
1364,Kenneth Mullen,Cabreraborough
1365,Mr. Clarence Johnson,Port Cynthiamouth
1366,Jessica Nunez,New Heidi
1367,Sheila Jones,Ericahaven
1368,Randall Casey,Angelatown
1369,Meagan Rowe,South Ryanside
1370,Kenneth Lopez,Dicksonport
1371,Jack Baldwin,South Hannah
1372,Kristen Cruz,South Frank
1373,Kathleen Nelson,South Gloria
1374,Debra Garcia,Wendyhaven
1375,Kristin Boyd,Lake Elizabethside
1376,Cassandra Gill,Port Jillian
1377,Timothy Peterson,Munozborough
1378,Nathaniel Woods,New Mary
1379,Carol Khan,East Leslie
1380,David Castaneda,East Christinaberg
1381,Katrina Washington,Smithborough
1382,Kimberly Allen,West Justin
1383,Thomas Glover,Davidsonfurt
1384,Kristen Vasquez,Brandytown
1385,Debra Hernandez,Port Douglasville
1386,Kevin Moore,Josemouth
1387,Erika Sanchez,Taylorland
1388,Connie Moore,Gardnershire
1389,Sara Richard,West Lucas
1390,Grant Pratt,East Sylvia
1391,Zachary Baker,Benjaminville
1392,Larry Stevens,Port Sarah
1393,Amanda Holt,West Stephenstad
1394,Damon Johnson,Raymondview
1395,Robin Fernandez,West Matthewburgh
1396,Brandi Hudson,North Denise
1397,Dr. Leonard Tanner,East Jennifer
1398,Melissa James,New Cynthia
1399,Andrea Jackson,Jessicashire
1400,Scott Miller,Murphyfort
1401,Brett Jackson,South Jeremy
1402,Nancy Stewart,Lake Josemouth
1403,Victoria Garcia,Lake Maryburgh
1404,April Mann,Teresatown
1405,James Oliver,Gregorymouth
1406,Mary Fischer,Angelaton
1407,Mitchell Baker,Hansenfurt
1408,Jacqueline Rodriguez,Tonytown
1409,Craig Moore,Foxside
1410,Danielle Miller,Bellmouth
1411,Mary Morales,Ramseyborough
1412,Summer Garcia,South Daniel
1413,Samantha Wilson,South April
1414,Jason Duran,Ravenberg
1415,Peter Allen DDS,Lake Steven
1416,Heather Phelps,East Ryanton
1417,Lauren Gill,East Kimberlystad
1418,Pamela Santiago,Josephside
1419,Jordan Turner,Dustinburgh
1420,Kayla Coleman,West Michaelhaven
1421,Kathleen Jensen,South Christina
1422,Kevin Carroll,Lisaborough
1423,Nancy Buchanan,Smithmouth
1424,Jennifer Mcintosh,New Debra
1425,Latoya Bryant,East Larry
1426,Jennifer Pena,Lake Williamfurt
1427,Nancy Barker,Pattonstad
1428,Tamara Robinson,Monroeville
1429,Vincent Cruz,Joseton
1430,Kaitlyn Lane,North Jeremychester
1431,Mary Carpenter,Saraberg
1432,Morgan Anderson,Sharonbury
1433,Julie Andrade,West Josehaven
1434,Scott Ballard,East Amandaborough
1435,Curtis Ingram,New Jonathan
1436,Carl Schaefer,East Jessica
1437,Andre Mills,Mcdonaldhaven
1438,Laura Johnson,South Christopherstad
1439,Amanda Johnson,South Jennifer
1440,Kyle Burgess,Reedside
1441,Gabriella Bishop,Anthonyside
1442,Ashley Carpenter,West Krista
1443,Heather Harris,Tamarafort
1444,Nicholas Chavez,Port Jacobmouth
1445,Justin Mcclure,Port Austin
1446,Ryan Bennett,Michaelland
1447,Dr. Cynthia Scott,West Sergiobury
1448,Vincent Deleon DDS,New Jesseville
1449,Barbara Thomas,New Natasha
1450,Eddie Harrell,Peterston
1451,Robert King,South Henryville
1452,Kathleen Smith,New Anthony
1453,Edward Browning,West Zachary
1454,Mitchell Lawson,West David
1455,William Miller,South Corey
1456,Katie Summers,Debraton
1457,Michael Allen,New Davidburgh
1458,Amy Morgan,Taylorchester
1459,Patricia Walker,Hicksfurt
1460,Ryan Parks,Woodwardbury
1461,Angela Ramirez,Bryanmouth
1462,Adam Sanchez,Michaelstad
1463,Daniel Steele,Markmouth
1464,Joseph Callahan,Masseyshire
1465,Kara Dudley,Tranchester
1466,Haley Nguyen,New Teresafort
1467,Darius Henry,Millerborough
1468,Mr. Philip Contreras,Jeremyborough
1469,Sean Solomon,Lake Chaseborough
1470,Gina Terry,New Whitneyview
1471,Ashley Kim,Port Rebeccahaven
1472,Danny Meyer,Scottstad
1473,Lydia Mcdonald,Langside
1474,Bryan Glass,Lake Kevin
1475,Mark Ochoa,Sandrafort
1476,Colleen Reed,Lake Martinborough
1477,Courtney Hull,Kathymouth
1478,Colleen Miller,Lake Michaelton
1479,Jennifer Reyes,North Lanceland
1480,Michael Schneider,Floreston
1481,Paul Williams,Portershire
1482,Juan Powell,Port Gregory
1483,Michael Thompson,Richardsburgh
1484,Stacy Garcia,Lake Collinfurt
1485,Jessica Graham,Lake Heather
1486,Terrance Hutchinson,Port Theresamouth
1487,Nancy Jackson,Jacksonview
1488,Wendy Johnson,South Brooke
1489,Denise Morgan,Lake John
1490,Sharon Brooks,South Madisonfurt
1491,Christopher Greene,North Shawn
1492,Tracy Ford,Nicholeport
1493,Mary Cherry,East Laura
1494,Sarah Aguilar,South Michaelville
1495,Kathryn Nielsen,East Courtney
1496,Melanie Powers,Charlesberg
1497,Kevin Santos,Quinnhaven
1498,Catherine Smith,Port Emily
1499,Elizabeth Mcgrath,Longstad
1500,Mary Sherman,East Luisstad
1501,Matthew Gomez,Michaelmouth
1502,Caitlin Carr,Codymouth
1503,Christine Henderson,Knighttown
1504,Ashley Alexander,Torreston
1505,Edward Howard,Tracyland
1506,Courtney Allen,Kylefurt
1507,John Morris,Lawrenceview
1508,Taylor Byrd DVM,Petermouth
1509,Scott Burch,North Claudia
1510,Holly Jones,East Wendy
1511,Angela Jimenez,Port Eileen
1512,Stephanie Wallace,Watsonfort
1513,Julia Davis,Bartlettport
1514,Amanda Vance,Davismouth
1515,Donald Ruiz,Holmeston
1516,Jennifer Hall,Thompsonbury
1517,Christina Hahn,Lake Alexandrastad
1518,Courtney Long,New Craig
1519,Terry Cannon,Christopherview
1520,Angela Williams,Shannonburgh
1521,Megan Richmond,Lake Amandaton
1522,Heather Cooper,Andersonville
1523,James Oconnell,New Lori
1524,Norma Rogers,New Caleb
1525,William Schmidt,Cooperstad
1526,Laura Mitchell,Port Richard
1527,James Gaines,North Christophermouth
1528,Ariana Carter,Billyfurt
1529,Tracy Blankenship,South Alexandraberg
1530,Sarah Martinez,Kelliehaven
1531,Joseph Livingston,Port Kennethside
1532,Roy Fowler,South Toddtown
1533,Hayley Willis,Morrisberg
1534,Thomas Phillips,Christineton
1535,William Lambert,Hannahstad
1536,Donna Brown MD,New Elizabethfort
1537,Margaret Landry,Rebeccaberg
1538,John Williams,New Richardfurt
1539,John Cline,Gardnerville
1540,Dr. Daniel Hamilton,Welchmouth
1541,Willie Farley,Randyton
1542,Sandra Phillips,West William
1543,Miranda Reilly,Timothychester
1544,Maurice Valentine,Port Joseph
1545,Bryce Young,Maymouth
1546,Willie Rodriguez,Lake Debbieton
1547,Samantha Bates,Molinaton
1548,Kimberly George,South Timothy
1549,Jasmine Smith,Judyview
1550,Scott Haney,East Mikemouth
1551,Antonio Chang,Markside
1552,Victoria Norman,Robertstad
1553,Roger Miller,South Larrystad
1554,Harold Vazquez,Martinchester
1555,Christopher Medina,Wushire
1556,Cynthia Fuller,Anthonychester
1557,Nicholas Vincent,Peggyborough
1558,Joseph Davis,North Victoriastad
1559,Tim Castaneda,Vangland
1560,Jennifer Castro,Cartermouth
1561,Rhonda Stanton,South Carolfurt
1562,Isaac Diaz,Thomasbury
1563,Kayla Gallegos,Beckerville
1564,Carlos Madden,Wadeville
1565,David Kline DVM,Alexisland
1566,Allen Warren,Port Angela
1567,Tiffany Coleman,South Julie
1568,Christopher Barrett,Peterfort
1569,Elaine House,Susantown
1570,Joshua Chaney,Port Samantha
1571,Marissa Cox,Ariastown
1572,Anna Rodriguez,Grahamfurt
1573,Megan Crosby,New Ericville
1574,Crystal Brown,North Bryanberg
1575,Brooke Coleman,Keithshire
1576,Eric Mcdaniel,West Kimberlybury
1577,John Johnson,Dianafurt
1578,Timothy Johnson,Davidburgh
1579,Joshua Jones,North Tonyburgh
1580,Dr. Travis Hubbard,Mathewview
1581,Luke Morgan,West Jasonfort
1582,Kevin Wagner,Martinezburgh
1583,Kim Silva,Josephside
1584,Nicholas Lee,Lake Clairemouth
1585,Debra Wilson,North Daryl
1586,Manuel Zimmerman,Johnview
1587,Jennifer Campbell,Contrerasborough
1588,Christopher Casey,East Amber
1589,Daniel Peck,West Terri
1590,Mike Clayton,Haletown
1591,Billy Morrow,West Brettstad
1592,Kyle Golden MD,New Tina
1593,Brian Gordon,Ericchester
1594,Helen Kim,Dannyside
1595,Monique Cervantes,South Roseside
1596,Lindsay Mclaughlin,Davisport
1597,Sandra Lopez,Thompsonbury
1598,Danielle Ward,Lake Luisshire
1599,Randall Lyons,Lindsayfort
1600,Scott Oliver,Lake Mark
1601,Tina Velez,Lake Brittney
1602,Sherry Woodard,South Andrew
1603,Laura Jordan,South Julieshire
1604,Barbara Thomas,Gutierrezfurt
1605,Leslie Cardenas,North Teresachester
1606,Marissa Harding,Francesberg
1607,Robert Wright,Lake Alejandrohaven
1608,Karen Nelson,Williamsshire
1609,Colleen Castro,New Angelaport
1610,Alexander Ruiz,Daltonville
1611,Ronnie Hernandez,North Janet
1612,Jose Howard,East Alejandroport
1613,Carrie Roth,Bennettport
1614,Pamela Bates,Grantmouth
1615,David Becker,Alexport
1616,Erica Hampton,South Kevinton
1617,Nicole Harrison,Andersonborough
1618,Sara Wheeler,South Markfort
1619,John Gonzales,Port Jessica
1620,Edward Carter,Smithmouth
1621,Nicholas Whitehead,Graymouth
1622,Troy Curry,Lake Timothy
1623,Jared Kelley,Juliebury
1624,Isaiah Atkins,Tiffanyville
1625,Keith Hall,Randallside
1626,Lisa Perkins,Port Jessica
1627,David Morales,Randytown
1628,Margaret Lewis,East Joseph
1629,Mr. Spencer Long,South Michaelhaven
1630,Cheryl Smith,Hodgeview
1631,Sherri Marshall,New Rachael
1632,Lisa Arnold,Port Janet
1633,Lauren Neal PhD,New Paulberg
1634,Lance Cordova,Barnesmouth
1635,Jesus Hooper IV,North Kathleen
1636,Veronica Henry,North Justin
1637,Keith Martin,South Sarabury
1638,Sherry Morgan,North Maryborough
1639,Joshua Melton,Loganmouth
1640,Seth Jackson,New Davidshire
1641,Shannon Garcia,Adamland
1642,Michael Hull,Thomasland
1643,Angela Benton,South Josephfort
1644,Linda Fox,Mooreborough
1645,Jon Bernard,South Jasonfurt
1646,Pamela Horton,East Michael
1647,Christopher Young,Bobfurt
1648,Derrick Lewis,Gonzalezhaven
1649,Mrs. Heather Bell DDS,Travisland
1650,Tanya Brooks,Shawnhaven
1651,Bill Johnston,Franklinland
1652,Hayden Johnson,Ashleystad
1653,Joel Tapia,South Jesusberg
1654,Tracy Holmes,East Barbara
1655,John Williams,Laurenburgh
1656,Michael Morris,Port Michelle
1657,Jay Mcguire,Danielleton
1658,Mary Adams,Angelaview
1659,Ashley Travis,New Susan
1660,Patrick Hopkins,Amandaside
1661,Scott Johnson,Lake Melaniechester
1662,Angie Ryan,West Raymond
1663,Dylan Herrera,New Louis
1664,Morgan Garcia,South Dennisport
1665,Kevin Espinoza,East Lauramouth
1666,Chad Martinez,Watersview
1667,Sarah Collins,Wilsonview
1668,William Hoffman,New Nicolemouth
1669,Marcia Haynes,New Tara
1670,Jennifer Evans,Kathleenborough
1671,Aaron Rivera,Rileyside
1672,Kristen Weeks,West Rebecca
1673,Linda Anderson,New Ruben
1674,John Collins,Jefferymouth
1675,Diane Anderson,Port Cindyland
1676,Sylvia Jones,Brianatown
1677,Mrs. Misty Campbell,North Madeline
1678,Nicole Potts,Elliston
1679,Sharon Hoffman,Davidview
1680,Michael Gonzalez,South Ericmouth
1681,Amber Thomas,Klinefurt
1682,John Ramos,Timothychester
1683,David Carpenter,Michaelbury
1684,Arthur Hernandez,Katherineland
1685,Michelle Rodriguez,North Markport
1686,Andrea Mcdonald,Lake Jack
1687,Mrs. Julie Curtis,South Danielfort
1688,Kyle Moody,Cynthialand
1689,Benjamin Donaldson,Donovanton
1690,Scott Gardner,Andrewborough
1691,Cathy Smith,Bondton
1692,Bryan Armstrong,North David
1693,Shane Cook,Smithfurt
1694,Kathleen Solomon,Melissafurt
1695,Chad Hamilton,North Johnfort
1696,Jeffrey Cline,Lake Rebeccahaven
1697,Robert Delgado,Martinezside
1698,Rebecca Blanchard,New Sharonside
1699,Sheila Miller,Mitchellside
1700,Bryan Hogan,Barronborough
1701,Thomas Blanchard,Ryanberg
1702,Andrew Summers,Thompsonberg
1703,Janet Oneal,West Sarahberg
1704,Eugene Cuevas,Novakfort
1705,Ashley Bryant,Port Davidtown
1706,Stephanie Walker,Foleyview
1707,Christopher Wright,South Ana
1708,Kaitlyn Davis,Grantborough
1709,Maria Lopez,Middletonfort
1710,Wanda Long,Lake James
1711,Amanda Gutierrez,West Lori
1712,Michelle Wright DVM,Galvanville
1713,Brittany Austin,Lake Mackenzie
1714,John Davis,Port Yvettehaven
1715,Cheyenne Juarez,Katrinaside
1716,David Huffman,Ashleytown
1717,Linda Hall,New John
1718,Kerry Carter,New Sharonton
1719,Devin Santos Jr.,South Jessicamouth
1720,Shaun Riggs,Rogerstown
1721,Kendra Park,South Joannashire
1722,Michael Flores,New Michaelhaven
1723,Daniel Johns,Wagnerbury
1724,Michael Moore,Jasonview
1725,Jeanne Fisher,Port Brittany
1726,Kristina Simmons,South Amandaside
1727,Christopher Lyons,Daltonstad
1728,Kyle Daniels,Comptonburgh
1729,Kelly Rhodes,Marctown
1730,Madison Mueller,Davidborough
1731,Andre Mendoza,Port Matthew
1732,John Daniel,South Tammyberg
1733,Joseph Thomas,Jessicahaven
1734,Brian Jones,Rebeccaland
1735,Victoria Roberts,New Alexanderstad
1736,Jenna Rodriguez,New Garyfurt
1737,Laura Bailey,New Ashley
1738,Nicholas Little,Carlachester
1739,Kenneth Martin,Sarahfort
1740,Matthew Dunn,North Kimberly
1741,Linda Hansen,Joshuachester
1742,Sheri Wagner,Josephberg
1743,Holly Ward,Julieville
1744,Monique Harrison,Lopezmouth
1745,Anthony Rodgers,South Kyle
1746,Mark Martinez,North Timothyshire
1747,Anna Nicholson,Lindsaychester
1748,Cathy Ramos,Lake Stephanie
1749,Ryan Payne,Rodriguezside
1750,Taylor Smith,Heatherview
1751,Matthew Henderson,Lake Edwardmouth
1752,Reginald Reed,Woodmouth
1753,Jennifer Mejia,Michelleborough
1754,Christopher Fritz,Catherineborough
1755,Travis Soto,Conwayhaven
1756,Madeline Green,Marcomouth
1757,Brenda Roberts,Juliefort
1758,Jeremy Haynes,Aguirrestad
1759,Stephanie Craig,Barronhaven
1760,Allen Mcdonald,North Wendyfort
1761,Jean Mcdaniel,New Veronicabury
1762,Andrew Ayers,East Jeremychester
1763,Sandra Glenn,Jonathanside
1764,Tyler Hernandez,Angelachester
1765,Joanna Ball,Rebeccamouth
1766,Joyce Howard,West Henrymouth
1767,Alicia Flores,Fisherborough
1768,Katie Mckinney,South Willie
1769,Edward Miller,Longside
1770,Sarah Davis,West Cassandraton
1771,Alicia Henderson,East Christopher
1772,Benjamin Aguilar,Warnerfurt
1773,Don Robinson,Melissatown
1774,James Davenport,Rebeccamouth
1775,Alison Haynes,East Feliciatown
1776,Eric Page,South Sean
1777,James Lang,Yangland
1778,Jose Durham,Kathyview
1779,Patricia Griffin,East Ray
1780,Donald Church,Dixonton
1781,Natalie Campbell,New Yolanda
1782,Jennifer Stokes,Tylerburgh
1783,Tammy Boyd,North Courtneyhaven
1784,Bonnie Ayala,Adambury
1785,Diane Collier,Adrianfurt
1786,Joshua Guerrero,North Crystalborough
1787,Jill Cook,Youngshire
1788,Dale Todd,Coryfurt
1789,Rebekah Lewis,West Benjamin
1790,Terry Jones MD,North Jacobport
1791,Darin Wood,Garzaborough
1792,Casey Adams,West Amyside
1793,Kristen Lopez DVM,South Edwardshire
1794,Jessica Wilson,Salazarhaven
1795,David Joseph,Lake Erictown
1796,Ian Thomas,Adamport
1797,Keith Owens,Port Michael
1798,Tyler Charles,Lake Seth
1799,Edwin Ryan,Paulbury
1800,Brenda Robinson,West Sean
1801,Rachel Dalton,West Rachel
1802,Michael Jackson,East Sarah
1803,Rebecca Todd,Sawyerview
1804,Shannon Campbell,South Andrewmouth
1805,Raymond Joseph,South Amandaland
1806,Sean Goodman,Port Briantown
1807,Karen Thompson,East Kaylamouth
1808,Jeffery Gray,Heatherberg
1809,Chad Miller,South Rhondatown
1810,Rachel Schneider,South Dawnside
1811,Joel Murray,South Danielborough
1812,Wendy Knight,Johnsonborough
1813,Nicholas Graves,Anthonyside
1814,Amy Hammond,West Stephaniestad
1815,Brian Smith,Lisamouth
1816,Kenneth Williams,Smithburgh
1817,Craig Smith,Anthonyshire
1818,Shannon Buchanan,East Amanda
1819,Jesse Stone,New Williamstad
1820,Melissa Riggs,South Davidburgh
1821,Patricia Washington,Port Ashley
1822,Holly Hudson,Leeville
1823,Eric Stephenson,Kellyfort
1824,Jennifer Cunningham,Bethmouth
1825,Melissa Moyer,East Adamborough
1826,Clayton Cochran,North Lorettachester
1827,Rose Hunter,Samuelberg
1828,Patrick Moses,Stevenmouth
1829,Elizabeth Martinez,New Taylorport
1830,Jimmy Page,East Tiffany
1831,Rebecca Hernandez,North Carolton
1832,Grace Allen,New Alexandra
1833,Fernando Meyer,Jamesburgh
1834,Rachel Sullivan,Smithfurt
1835,Holly Edwards,Davidchester
1836,Derrick Williams,Piercechester
1837,Becky Rodriguez,South Benjaminside
1838,Melissa Rodriguez,New Dianamouth
1839,Rachel Mcbride,Port Stephaniemouth
1840,Virginia Deleon,Christophershire
1841,Gabriel Brown,East Cherylside
1842,Philip Maldonado,Jeanneport
1843,Carolyn Salas,North Tammy
1844,Jordan Smith,Lake Meganburgh
1845,Margaret Garcia,Virginiaport
1846,Jacob Nelson,Richardshire
1847,Taylor Harrison,Juarezfort
1848,Carrie Cantrell,Dwayneville
1849,Patrick Wilson,West Cassandra
1850,Michaela Trujillo,Melissamouth
1851,Lauren Bowers,Rodriguezshire
1852,William Orr,West Tamara
1853,Joshua Murphy,New Barbaraberg
1854,Brent Duncan,Kathyberg
1855,Jason Benjamin,North Alanport
1856,Tracy Frazier,South Jeremymouth
1857,Brittany Simmons,Mitchellview
1858,Robert White,Diazmouth
1859,Autumn Clark,Berrymouth
1860,Jose Williams,Lake Lauren
1861,Caitlin Ford,South Erictown
1862,Justin Alexander,Bensontown
1863,Margaret Parker,Brandonstad
1864,Richard Harris,Danielleberg
1865,Ryan Houston,South Kevintown
1866,Lori Curtis,Lake Lauren
1867,Charles Davis,Morrisshire
1868,Robert Morgan,Collinsport
1869,Jessica Davis,Collinsshire
1870,Brooke Christensen,East Matthewmouth
1871,Laura Williams,Toddberg
1872,Courtney Bradley,Jenniferton
1873,Julie Bennett,South Crystalport
1874,Steven Lee,Port Haroldside
1875,Diane Anderson,South James
1876,Michael Munoz,Huffstad
1877,Stacy Hill,East Patrick
1878,Eddie Santos,North Angela
1879,Rachel Rogers,North Jonathan
1880,Stephen Ayala,Tanyaport
1881,Melissa Baker,North Shirley
1882,Alexandra Cox,Port Jordan
1883,Deanna Williams,North Nicolemouth
1884,Richard Parks,Vargasberg
1885,Derek Murphy,Lake Pamela
1886,Earl Yates,Lake Jonathan
1887,Angel Ryan,Cervantesberg
1888,Jeffrey Rogers,Hannahmouth
1889,Bethany Simpson,West Michael
1890,John Todd,Port Franciscochester
1891,Joshua Moore,North Jonathan
1892,Alexander Berry,Lake James
1893,Christina Vega,Port Robyn
1894,Timothy Anderson,South Justin
1895,Ann Pruitt,Wadeshire
1896,Tasha Hughes,Harrisontown
1897,Janet Ray,Port Stephenville
1898,Valerie Figueroa,West Savannahberg
1899,Lawrence Brock,New Laurenmouth
1900,Cindy Conway,South Cory
1901,Sherry Mcdowell,Cowanmouth
1902,James Coleman,Robertstad
1903,Katherine Simmons,East Steven
1904,Judith Clayton,Ellismouth
1905,Natalie Moss,Lopezberg
1906,Thomas Howell,Jonesberg
1907,Kurt Parks,Manuelmouth
1908,Mark Craig,Kennedyville
1909,Sarah Thompson,South Melaniehaven
1910,Ashley Lewis,New Katie
1911,Michelle Hall,North Robert
1912,Madeline Henderson,West Jonathantown
1913,Jim Mendez,Stonemouth
1914,Gabriel Munoz,Wallacebury
1915,Tyler Charles,Lake Marioland
1916,Rachel Garcia,Marioton
1917,George Whitehead,East Brett
1918,Jennifer Harris,Brettmouth
1919,Angela Collier PhD,Justinbury
1920,Teresa Wright,Johnchester
1921,Anna Rice,South Jakestad
1922,Jennifer Miller,New Jermaineland
1923,Ivan Bonilla,Reyesland
1924,Lee Hudson,Port Jessica
1925,Miss Beverly Brown MD,New Anthonyshire
1926,Theresa Henry,Hornmouth
1927,Bill Ortiz,Jonesshire
1928,Joshua Johnson,Martinport
1929,Erin Ortiz,Tylermouth
1930,Kevin Cortez,Woodsstad
1931,Travis Spencer,Lake Meganshire
1932,Stacy Mayer,West Davidland
1933,Jack Preston,Wilkinsmouth
1934,Theresa White,Taylorborough
1935,Brandon Whitney,South Thomasfurt
1936,Lisa Brandt,Luisshire
1937,Olivia Harper,East Tamaraview
1938,Edwin Le,Port William
1939,Brianna Hughes,South Pamela
1940,Brian Davis,Diazborough
1941,Andre Dalton,Leahland
1942,Matthew Clark,Johnton
1943,Joshua Munoz,North Craigside
1944,Chris Burgess,Mannbury
1945,Emily Flynn,Mistyborough
1946,Paula Morales,Armstrongmouth
1947,Sandra Yoder,North Richardville
1948,Marc Moses,Johntown
1949,Martha Higgins,Richardhaven
1950,Cory Hale,North Michael
1951,Nathan Johnson Jr.,Newmanberg
1952,Kelly Villa,Bateston
1953,Jennifer Williams,Port Katherineborough
1954,Brenda Copeland,Rebeccaview
1955,Nicholas Wolfe,Barbaraburgh
1956,Tammy Mays,East Timothyborough
1957,Javier Hill,West Tyler
1958,Katherine Anderson,East Daniel
1959,Shawn Chapman,Carlachester
1960,Victoria Torres,Kellystad
1961,Susan Steele,West Timothy
1962,Ryan Robinson,Port Williammouth
1963,Elizabeth Robinson,Deborahfurt
1964,Sean Mccullough,Hunterberg
1965,Victoria Fischer MD,Jennifertown
1966,Darren Martin,Cassidymouth
1967,Amanda Mccoy,Medinahaven
1968,Brian Wall Jr.,New Hannah
1969,Peter Tran,Lake Kennethport
1970,Douglas Smith MD,South Mary
1971,Andrew Hartman,North Richard
1972,Emily Woods,Emilyshire
1973,Jessica Thompson,New Nicholasview
1974,Kathy Mcpherson,New Crystalside
1975,Noah Rush,Butlerton
1976,Steven Jones,West Peterport
1977,Valerie Hall,Port Jon
1978,Scott Carter,Savannahbury
1979,Frank Zavala,Parkershire
1980,Patricia Graham,Sabrinafort
1981,Anthony Alvarez,East Joseph
1982,Wayne Dean,South Philip
1983,Sarah Perkins,Port Colleenchester
1984,Brenda Larsen,Matthewsview
1985,Jennifer Villanueva MD,New Mary
1986,Pamela Mills,North Christinatown
1987,Mark Martin,Lake Alexishaven
1988,Erika Hartman,Mollyfurt
1989,Lisa Hawkins,North Jennifershire
1990,Patrick Burke,Port Davidside
1991,William Martinez,Susanmouth
1992,Michael Greene,West Wanda
1993,Monica Wood,Bennettside
1994,Derek Burke,Christinemouth
1995,David Mooney,South Diane
1996,Lisa Hawkins,Scottville
1997,Dominic Franklin,East Davidhaven
1998,Miranda Clark,Heatherview
1999,Lisa Brooks,South Catherine
2000,Nicole Molina,Millerfurt
